{"cameraMode":{"drawMode":0,"name":"Shaded","section":"Shading Mode"},"sceneLighting":false,"audioPlay":false,"sceneViewState":{"m_AlwaysRefresh":false,"showFog":true,"showSkybox":false,"showFlares":true,"showImageEffects":true,"showParticleSystems":true,"showVisualEffectGraphs":true,"m_FxEnabled":true},"in2DMode":false,"pivot":{"x":1043.9676513671875,"y":1348.14306640625,"z":547.8031616210938},"rotation":{"x":0.022200603038072587,"y":-0.0008964926237240434,"z":0.00007782898319419473,"w":0.9999691843986511},"size":417.01116943359377,"orthographic":false}