{"cameraMode":{"drawMode":0,"name":"Shaded","section":"Shading Mode"},"sceneLighting":false,"audioPlay":false,"sceneViewState":{"m_AlwaysRefresh":false,"showFog":true,"showSkybox":false,"showFlares":true,"showImageEffects":true,"showParticleSystems":true,"showVisualEffectGraphs":true,"m_FxEnabled":true},"in2DMode":false,"pivot":{"x":521.0316772460938,"y":1080.7388916015625,"z":-18.799562454223634},"rotation":{"x":0.03659375011920929,"y":0.013495765626430512,"z":-0.0004936774494126439,"w":0.9994480609893799},"size":444.2208557128906,"orthographic":false}